{"cameraMode":{"drawMode":0,"name":"Shaded","section":"Shading Mode"},"sceneLighting":false,"audioPlay":false,"sceneViewState":{"m_AlwaysRefresh":false,"showFog":true,"showSkybox":false,"showFlares":true,"showImageEffects":true,"showParticleSystems":true,"showVisualEffectGraphs":true,"m_FxEnabled":true},"in2DMode":false,"pivot":{"x":-2.135988235473633,"y":2.930034637451172,"z":3.3249998092651369},"rotation":{"x":-0.31075718998908999,"y":-0.034200556576251987,"z":0.011190268211066723,"w":-0.949819803237915},"size":3.0888493061065676,"orthographic":true}