{"cameraMode":{"drawMode":0,"name":"Shaded","section":"Shading Mode"},"sceneLighting":true,"audioPlay":false,"sceneViewState":{"m_AlwaysRefresh":false,"showFog":true,"showSkybox":true,"showFlares":true,"showImageEffects":true,"showParticleSystems":true,"showVisualEffectGraphs":true,"m_FxEnabled":true},"in2DMode":false,"pivot":{"x":292.45489501953127,"y":247.2090301513672,"z":-20.994922637939454},"rotation":{"x":0.07791532576084137,"y":0.011963206343352795,"z":-0.000934715149924159,"w":0.9968907237052918},"size":172.86163330078126,"orthographic":false}