{"cameraMode":{"drawMode":0,"name":"Shaded","section":"Shading Mode"},"sceneLighting":true,"audioPlay":false,"sceneViewState":{"m_AlwaysRefresh":false,"showFog":true,"showSkybox":true,"showFlares":true,"showImageEffects":true,"showParticleSystems":true,"showVisualEffectGraphs":true,"m_FxEnabled":true},"in2DMode":false,"pivot":{"x":422.2734069824219,"y":199.94993591308595,"z":-17.15799331665039},"rotation":{"x":-0.016800016164779664,"y":-0.004197648260742426,"z":-0.00008052363409660757,"w":0.9998853802680969},"size":223.9874725341797,"orthographic":true}