{"cameraMode":{"drawMode":0,"name":"Shaded","section":"Shading Mode"},"sceneLighting":true,"audioPlay":false,"sceneViewState":{"m_AlwaysRefresh":false,"showFog":true,"showSkybox":true,"showFlares":true,"showImageEffects":true,"showParticleSystems":true,"showVisualEffectGraphs":true,"m_FxEnabled":true},"in2DMode":false,"pivot":{"x":272.20831298828127,"y":213.8626708984375,"z":22.338668823242189},"rotation":{"x":0.055095139890909198,"y":0.0526951365172863,"z":-0.0029116987716406585,"w":0.9970864057540894},"size":151.24771118164063,"orthographic":false}