{"cameraMode":{"drawMode":0,"name":"Shaded","section":"Shading Mode"},"sceneLighting":true,"audioPlay":false,"sceneViewState":{"m_AlwaysRefresh":false,"showFog":true,"showSkybox":true,"showFlares":true,"showImageEffects":true,"showParticleSystems":true,"showVisualEffectGraphs":true,"m_FxEnabled":true},"in2DMode":false,"pivot":{"x":386.00439453125,"y":175.23297119140626,"z":-5.938871383666992},"rotation":{"x":0.034784313291311267,"y":-0.02278403751552105,"z":0.0007931453874334693,"w":0.9991385340690613},"size":193.24862670898438,"orthographic":true}