{"cameraMode":{"drawMode":0,"name":"Shaded","section":"Shading Mode"},"sceneLighting":false,"audioPlay":false,"sceneViewState":{"m_AlwaysRefresh":false,"showFog":true,"showSkybox":false,"showFlares":true,"showImageEffects":true,"showParticleSystems":true,"showVisualEffectGraphs":true,"m_FxEnabled":true},"in2DMode":false,"pivot":{"x":6.922159194946289,"y":0.41941413283348086,"z":-0.022725284099578859},"rotation":{"x":-0.3322709798812866,"y":-0.038462765514850619,"z":0.013555384241044522,"w":-0.9423195123672485},"size":3.503079414367676,"orthographic":true}