{"cameraMode":{"drawMode":0,"name":"Shaded","section":"Shading Mode"},"sceneLighting":false,"audioPlay":false,"sceneViewState":{"m_AlwaysRefresh":false,"showFog":true,"showSkybox":false,"showFlares":true,"showImageEffects":true,"showParticleSystems":true,"showVisualEffectGraphs":true,"m_FxEnabled":true},"in2DMode":false,"pivot":{"x":3.795889377593994,"y":-0.3149673342704773,"z":0.21354170143604279},"rotation":{"x":0.18004484474658967,"y":-0.04307274520397186,"z":0.007870042696595192,"w":0.9827224016189575},"size":3.3553199768066408,"orthographic":true}